﻿<?xml version="1.0" encoding="UTF-8" standalone="yes"?>
<addon id="repository.proba" name="proba repository" version="1.0.0" provider-name="Maniac">
	<extension point="xbmc.addon.repository" name="Maniac Repository">
		<info compressed="false">http://raw.github.com/Carlesto/repository-proba/master/addons.xml</info>
		<checksum>http://raw.github.com/Carlesto/repository-proba/master/addons.xml.md5</checksum>
		<datadir zip="true">http://raw.github.com/Carlesto/repository-proba/master/</datadir>
	</extension>
	<extension point="xbmc.addon.metadata">
		<summary>Maniac Addon</summary>
		<description>Repositorio NO oficial para Kodi</description>
		<disclaimer></disclaimer>
		<platform>all</platform>
	</extension>
</addon>
